{
    "filename": "data.json",
    "collections": [
        {
            "name": "bookings",
            "data": [
                {
                    "name": "Amy",
                    "numTickets": 2,
                    "email": "hello@123123.com",
                    "team": "Avengers",
                    "message": "d",
                    "payment": "Credit Card",
                    "meta": {
                        "revision": 0,
                        "created": 1601001783044,
                        "version": 0
                    },
                    "$loki": 1
                },
                {
                    "name": "dfdfd",
                    "numTickets": 2,
                    "email": "hello@123123.com",
                    "team": "Avengers",
                    "message": "d",
                    "payment": "Credit Card",
                    "meta": {
                        "revision": 0,
                        "created": 1601001788795,
                        "version": 0
                    },
                    "$loki": 2
                }
            ],
            "idIndex": null,
            "binaryIndices": {},
            "constraints": null,
            "uniqueNames": [],
            "transforms": {},
            "objType": "bookings",
            "dirty": false,
            "cachedIndex": null,
            "cachedBinaryIndex": null,
            "cachedData": null,
            "adaptiveBinaryIndices": true,
            "transactional": false,
            "cloneObjects": false,
            "cloneMethod": "parse-stringify",
            "asyncListeners": false,
            "disableMeta": false,
            "disableChangesApi": true,
            "disableDeltaChangesApi": true,
            "autoupdate": false,
            "serializableIndices": true,
            "disableFreeze": true,
            "ttl": null,
            "maxId": 2,
            "DynamicViews": [],
            "events": {
                "insert": [],
                "update": [],
                "pre-insert": [],
                "pre-update": [],
                "close": [],
                "flushbuffer": [],
                "error": [],
                "delete": [
                    null
                ],
                "warning": [
                    null
                ]
            },
            "changes": [],
            "dirtyIds": []
        }
    ],
    "databaseVersion": 1.5,
    "engineVersion": 1.5,
    "autosave": true,
    "autosaveInterval": 4000,
    "autosaveHandle": null,
    "throttledSaves": true,
    "options": {
        "autoload": true,
        "autosave": true,
        "autosaveInterval": 4000,
        "serializationMethod": "normal",
        "destructureDelimiter": "$<\n",
        "recursiveWait": true,
        "recursiveWaitLimit": false,
        "recursiveWaitLimitDuration": 2000,
        "started": 1601001778375
    },
    "persistenceMethod": "fs",
    "persistenceAdapter": null,
    "verbose": false,
    "events": {
        "init": [
            null
        ],
        "loaded": [],
        "flushChanges": [],
        "close": [],
        "changes": [],
        "warning": []
    },
    "ENV": "NODEJS"
}